,Video,Mean,Std,Diff1,Diff2,PCAd1,PCAd2,Label
O1,T1,0.843183804,0.185234549,0.012202634,0.114445893,0.017396068,0.102196906,Genuine
O2,T1,0.859247297,0.106346558,0.003125004,0.213641982,0.017051655,0.107497456,Genuine
O3,T1,0.848618881,0.12974385,0.006686824,0.059411091,0.017846061,0.108473761,Genuine
O4,T1,0.867164076,0.0970407,0.002018243,0.262511935,0.017393049,0.10733325,Genuine
O5,T1,0.94206699,0.033818945,0.001624617,0.297624213,0.019180101,0.10784395,Genuine
O6,T1,0.951012435,0.026814496,0.00234299,0.248028517,0.019654097,0.110083281,Genuine
O7,T1,0.927832155,0.08106683,0.008304516,0.058214583,0.023763901,0.117403626,Genuine
O8,T1,0.892237573,0.072701131,0.003660452,0.246356597,0.018727973,0.117156376,Genuine
O9,T1,0.855487735,0.064754501,0.006904646,0.188945121,0.020742095,0.115274586,Genuine
O10,T1,0.931013656,0.035632091,0.003222121,0.299637026,0.019778044,0.115637465,Genuine
O11,T1,0.880834919,0.069839248,0.008309271,0.156376786,0.020439343,0.116319052,Genuine
O12,T1,0.897395171,0.096907365,0.007503846,0.053304319,0.021523187,0.100903705,Genuine
O13,T1,0.796735268,0.179561727,0.011265953,0.085289206,0.021693703,0.145860831,Genuine
O14,T1,0.892772213,0.129042946,0.009057129,0.048921395,0.018530474,0.122681204,Genuine
O15,T1,0.85499801,0.240556782,0.018883228,0.079709436,0.017306471,0.129753318,Genuine
O16,T1,0.835922634,0.219926322,0.012230961,0.091151813,0.016672379,0.120248978,Genuine
O17,T1,0.860957825,0.14544835,0.011196032,0.055665889,0.024721072,0.117509252,Genuine
O18,T1,0.947856168,0.029192097,0.002605547,0.312870916,0.019426322,0.109663324,Genuine
O19,T1,0.919745113,0.166849919,0.012210599,0.058298932,0.017125462,0.096947159,Genuine
O20,T1,0.877605994,0.05644824,0.00480609,0.297776071,0.020145581,0.117553717,Genuine
O1,T2,0.919049707,0.058347295,0.003662645,0.263130388,0.035342205,0.165053639,Genuine
O2,T2,0.86869549,0.062198576,0.00406731,0.332380325,0.032569158,0.170640353,Genuine
O3,T2,0.913472679,0.056901419,0.002295302,0.282629279,0.023890935,0.07816514,Genuine
O4,T2,0.819297396,0.131654067,0.008211294,0.05047593,0.023327554,0.123887713,Genuine
O5,T2,0.97051989,0.016119742,0.001548659,0.23502585,0.035893061,0.160187298,Genuine
O6,T2,0.960472154,0.0186215,0.002715988,0.297179624,0.036477521,0.168126506,Genuine
O7,T2,0.919160474,0.138141858,0.015329526,0.084709556,0.057349421,0.178454975,Genuine
O8,T2,0.910479642,0.043058387,0.00659255,0.061421399,0.03921215,0.17320789,Genuine
O9,T2,0.950820716,0.022033444,0.001877701,0.273956497,0.036083434,0.159784512,Genuine
O10,T2,0.967269535,0.016963812,0.003074708,0.294896982,0.035918728,0.162551527,Genuine
O11,T2,0.909183222,0.037497139,0.005510991,0.229917841,0.035342601,0.163833933,Genuine
O12,T2,0.936013805,0.02215427,0.002472649,0.310034525,0.035589901,0.161688528,Genuine
O13,T2,0.942083216,0.032239724,0.002086904,0.197278995,0.035310844,0.161298976,Genuine
O14,T2,0.886747189,0.052708546,0.002261737,0.339904482,0.03359122,0.161344808,Genuine
O15,T2,0.816501761,0.283406671,0.0161345,0.100826517,0.033614523,0.155918628,Genuine
O16,T2,0.815654495,0.295215982,0.022186861,0.157902233,0.0291401,0.15327971,Genuine
O17,T2,0.897511029,0.084598138,0.012307206,0.100914692,0.044666693,0.167652922,Genuine
O18,T2,0.953310726,0.040465004,0.002824681,0.248028842,0.037128563,0.158767148,Genuine
O19,T2,0.886130427,0.135185924,0.012022326,0.065217621,0.028689694,0.139296447,Genuine
O20,T2,0.931881483,0.0414685,0.004681823,0.26116577,0.037644139,0.174397914,Genuine
O1,T3,0.877807514,0.170826484,0.014715576,0.072166013,0.03073531,0.108064343,Genuine
O2,T3,0.90345252,0.073641419,0.003352883,0.278111323,0.028080315,0.09496338,Genuine
O3,T3,0.892936064,0.068172925,0.003053168,0.204865638,0.028640554,0.095894822,Genuine
O4,T3,0.883173321,0.064712499,0.001984692,0.278592121,0.028564552,0.093846005,Genuine
O5,T3,0.97190885,0.017383324,0.001430524,0.269191792,0.028988431,0.094011452,Genuine
O6,T3,0.963100941,0.017033882,0.001977241,0.309700255,0.029584056,0.094255976,Genuine
O7,T3,0.92633535,0.117813253,0.010531531,0.057318137,0.029729511,0.092972111,Genuine
O8,T3,0.837815186,0.197577465,0.016707771,0.133432061,0.025953213,0.105135412,Genuine
O9,T3,0.940829658,0.04295286,0.002844048,0.219930298,0.028365284,0.09490935,Genuine
O10,T3,0.920147091,0.050812801,0.002479245,0.300260178,0.028899606,0.094876143,Genuine
O11,T3,0.829086887,0.08562816,0.012756855,0.18566695,0.036531082,0.120654499,Genuine
O12,T3,0.934695461,0.039204384,0.002488637,0.292253511,0.028864041,0.094164283,Genuine
O13,T3,0.80600463,0.208506322,0.012835471,0.080562146,0.025104083,0.080665844,Genuine
O14,T3,0.919992481,0.034437048,0.001543638,0.336705577,0.029351673,0.094130331,Genuine
O15,T3,0.790236643,0.311742611,0.029700994,0.172905711,0.032689671,0.127732898,Genuine
O16,T3,0.936632303,0.103022835,0.006334274,0.042358586,0.028213958,0.094914857,Genuine
O17,T3,0.912322521,0.059411146,0.002123858,0.224412388,0.028197986,0.093217318,Genuine
O18,T3,0.847078072,0.212759797,0.026063536,0.119369745,0.032770788,0.12164733,Genuine
O19,T3,0.948584159,0.039565121,0.002554975,0.279099701,0.026751852,0.094188502,Genuine
O20,T3,0.881556945,0.090384235,0.004394942,0.242802372,0.027745664,0.097255802,Genuine
O1,T4,0.736693311,0.288704434,0.02003388,0.135694694,0.02147877,0.092046699,Genuine
O2,T4,0.90271204,0.047471009,0.00321049,0.291185831,0.023800168,0.079432731,Genuine
O3,T4,0.913472679,0.056901419,0.002295302,0.282629279,0.023890935,0.07816514,Genuine
O4,T4,0.877826893,0.060125227,0.001818208,0.258815804,0.023770097,0.07771687,Genuine
O5,T4,0.966046721,0.015281734,0.001592357,0.322170792,0.02443283,0.077439069,Genuine
O6,T4,0.971769369,0.016925677,0.002736152,0.249257666,0.024372751,0.076748742,Genuine
O7,T4,0.926185333,0.090223481,0.010264862,0.074164586,0.032713114,0.11698992,Genuine
O8,T4,0.819899543,0.240727445,0.022712126,0.164982296,0.023178595,0.110514231,Genuine
O9,T4,0.93598402,0.040566511,0.003487212,0.204974463,0.02420635,0.076721487,Genuine
O10,T4,0.943280202,0.035438351,0.002192201,0.327926624,0.024684395,0.08060175,Genuine
O11,T4,0.819383867,0.074753422,0.007905735,0.127186219,0.02711024,0.094049618,Genuine
O12,T4,0.944834517,0.034833809,0.001705736,0.354306696,0.024307097,0.077451293,Genuine
O13,T4,0.825141044,0.184756678,0.014914748,0.076675747,0.023591691,0.108387601,Genuine
O14,T4,0.855725955,0.178601413,0.015206362,0.071336758,0.023331784,0.105489613,Genuine
O15,T4,0.805991956,0.303102364,0.017226242,0.121371502,0.021879777,0.117848765,Genuine
O16,T4,0.902025621,0.054702244,0.002371313,0.025668554,0.023562862,0.076759739,Genuine
O17,T4,0.911755614,0.054785159,0.002223289,0.283903285,0.023942008,0.078889143,Genuine
O18,T4,0.922726431,0.047086988,0.002882125,0.300352789,0.024228772,0.078214953,Genuine
O19,T4,0.890178779,0.074229009,0.005612442,0.046358294,0.023985593,0.077931269,Genuine
O20,T4,0.852241916,0.070757241,0.005662335,0.33528126,0.024317971,0.083409723,Genuine
O1,T5,0.843183804,0.185234549,0.012202634,0.114445893,0.017396068,0.102196906,Genuine
O2,T5,0.844714097,0.074789096,0.004049411,0.27375217,0.02012509,0.120330468,Genuine
O3,T5,0.882841482,0.149830651,0.006034256,0.046256057,0.019051454,0.124175258,Genuine
O4,T5,0.819297396,0.131654067,0.008211294,0.05047593,0.023327554,0.123887713,Genuine
O5,T5,0.964743604,0.024217202,0.001411145,0.327036876,0.021651452,0.116685889,Genuine
O6,T5,0.962350105,0.019873988,0.002644052,0.276456992,0.022489451,0.116935024,Genuine
O7,T5,0.931240728,0.099260667,0.010016055,0.062046126,0.023540586,0.122619558,Genuine
O8,T5,0.879503213,0.073998179,0.005543131,0.185203593,0.021531252,0.13216994,Genuine
O9,T5,0.893712048,0.051300349,0.003240219,0.268324497,0.020909632,0.115134348,Genuine
O10,T5,0.958531188,0.016111403,0.002162549,0.285740269,0.022212646,0.119908841,Genuine
O11,T5,0.779140355,0.13481718,0.016210738,0.274569268,0.026672747,0.132360396,Genuine
O12,T5,0.937286127,0.042380872,0.002171668,0.289351637,0.021148229,0.118578456,Genuine
O13,T5,0.82510542,0.203903653,0.01339522,0.119051272,0.016499255,0.133073323,Genuine
O14,T5,0.897679658,0.076558839,0.002125081,0.256382891,0.019912478,0.115511059,Genuine
O15,T5,0.738782799,0.285094742,0.031097036,0.175213847,0.019309192,0.113124703,Genuine
O16,T5,0.787631386,0.269349056,0.015443898,0.104351646,0.018783866,0.115500667,Genuine
O17,T5,0.924683491,0.05187584,0.002567067,0.314691512,0.021017756,0.121148014,Genuine
O18,T5,0.93299641,0.039016755,0.002886223,0.295226297,0.021593331,0.116554838,Genuine
O19,T5,0.785807401,0.274654758,0.020893758,0.126081753,0.035419463,0.17661583,Genuine
O20,T5,0.810785754,0.135126245,0.015508562,0.094656468,0.025538889,0.124981222,Genuine
O1,T6,0.828905766,0.197066245,0.017191585,0.145643756,0.042009387,0.15627401,Genuine
O2,T6,0.851851228,0.161786247,0.020627604,0.106252135,0.046291637,0.134297992,Genuine
O3,T6,0.924802429,0.033085556,0.004692629,0.272060676,0.035842529,0.128163262,Genuine
O4,T6,0.916617092,0.050741123,0.002315643,0.225934029,0.033987744,0.129416171,Genuine
O5,T6,0.922170877,0.146713231,0.015130817,0.08108132,0.035087304,0.130741056,Genuine
O6,T6,0.978100761,0.008069146,0.001290641,0.35683141,0.035085019,0.129221116,Genuine
O7,T6,0.905635033,0.150787733,0.01059699,0.056548043,0.034007931,0.128079463,Genuine
O8,T6,0.940981492,0.035220695,0.004628691,0.359651863,0.035575507,0.130923265,Genuine
O9,T6,0.895667082,0.057871829,0.004434575,0.19665431,0.034048256,0.139570864,Genuine
O10,T6,0.888838726,0.115047024,0.011899475,0.087379093,0.036711522,0.126907647,Genuine
O11,T6,0.87904124,0.060398274,0.005880607,0.167710169,0.03653846,0.147881918,Genuine
O12,T6,0.950582145,0.021917583,0.001602979,0.298378027,0.03436595,0.127321185,Genuine
O13,T6,0.96680325,0.024566147,0.001700637,0.316599032,0.035744288,0.130112215,Genuine
O14,T6,0.862452408,0.121803224,0.017505663,0.153130178,0.040575918,0.18385576,Genuine
O15,T6,0.832261485,0.262471414,0.028585414,0.153528178,0.038961941,0.150939297,Genuine
O16,T6,0.935906058,0.024293779,0.002079429,0.343716831,0.035422577,0.130556752,Genuine
O17,T6,0.934173978,0.043958876,0.002818829,0.28347784,0.034868246,0.133349321,Genuine
O18,T6,0.934289805,0.03779548,0.002412001,0.273953242,0.035137589,0.135082568,Genuine
O19,T6,0.818572976,0.261614856,0.021290398,0.149402164,0.031172839,0.128971357,Genuine
O20,T6,0.872043658,0.045981422,0.005903209,0.248835681,0.03834269,0.138089414,Genuine
O1,T7,0.863423789,0.084042994,0.005549859,0.056529732,0.0336898,0.121832827,Genuine
O2,T7,0.880627174,0.052388032,0.002730654,0.328782685,0.034247435,0.121018768,Genuine
O3,T7,0.839502415,0.19674105,0.013281725,0.074874223,0.026422019,0.10675553,Genuine
O4,T7,0.797120741,0.227477237,0.008479426,0.067267121,0.032112298,0.117280246,Genuine
O5,T7,0.966046721,0.015281734,0.001592357,0.322170792,0.02443283,0.077439069,Genuine
O6,T7,0.934581641,0.050143203,0.008822374,0.152609234,0.037550426,0.129648619,Genuine
O7,T7,0.920030253,0.136960225,0.015073754,0.087144007,0.044974739,0.123430539,Genuine
O8,T7,0.848398281,0.178556316,0.018922535,0.108722091,0.047760403,0.145599544,Genuine
O9,T7,0.893070594,0.057202048,0.004345537,0.243320244,0.034324915,0.122968703,Genuine
O10,T7,0.938332151,0.035440807,0.003063145,0.148076117,0.034829542,0.117272684,Genuine
O11,T7,0.830548509,0.072678303,0.009475133,0.166697276,0.034803324,0.139589533,Genuine
O12,T7,0.935871067,0.04554079,0.001976335,0.271220826,0.033890577,0.119367873,Genuine
O13,T7,0.897638292,0.045657551,0.001974522,0.272318612,0.033505072,0.120635837,Genuine
O14,T7,0.958273115,0.025629737,0.001526228,0.294104598,0.035270534,0.119287631,Genuine
O15,T7,0.7747388,0.28189029,0.03759395,0.174477442,0.042479467,0.180782858,Genuine
O16,T7,0.759753164,0.304629817,0.026701285,0.180007741,0.034135638,0.194067798,Genuine
O17,T7,0.872623689,0.188031091,0.014128319,0.079145263,0.027343033,0.111264106,Genuine
O18,T7,0.917878561,0.049979683,0.003111757,0.300208724,0.034277952,0.122415033,Genuine
O19,T7,0.904570361,0.081321472,0.002264683,0.189827419,0.034227461,0.121261164,Genuine
O20,T7,0.901986501,0.059615762,0.003545399,0.306874119,0.034606255,0.126051786,Genuine
O1,T8,0.921094871,0.039623536,0.002389054,0.34001786,0.042654856,0.106880947,Genuine
O2,T8,0.699732884,0.279594619,0.019595885,0.126125918,0.031714221,0.115153648,Genuine
O3,T8,0.898165177,0.042552015,0.002954,0.347047738,0.042755167,0.10575628,Genuine
O4,T8,0.702004998,0.347243064,0.034153754,0.187313497,0.03754176,0.139260562,Genuine
O5,T8,0.939957762,0.024133751,0.001817558,0.285977483,0.042368725,0.104232215,Genuine
O6,T8,0.953560085,0.022775932,0.002069955,0.207390625,0.042538238,0.104667318,Genuine
O7,T8,0.911200748,0.147144777,0.022245671,0.133590983,0.049752728,0.155892225,Genuine
O8,T8,0.882305105,0.062109446,0.004811402,0.371551264,0.041087715,0.104752364,Genuine
O9,T8,0.963874154,0.020575637,0.002400089,0.374328135,0.044562255,0.104896422,Genuine
O10,T8,0.925924092,0.043841729,0.002004756,0.302735989,0.042148549,0.103581274,Genuine
O11,T8,0.773426954,0.121047088,0.019643407,0.198151504,0.046390868,0.162925073,Genuine
O12,T8,0.907085034,0.052558061,0.002170633,0.326815661,0.041578417,0.106012765,Genuine
O13,T8,0.885956555,0.081859547,0.002414873,0.315036824,0.040790982,0.105448772,Genuine
O14,T8,0.912504393,0.085558,0.007500889,0.088921024,0.037599661,0.112014401,Genuine
O15,T8,0.612971944,0.339320236,0.037243567,0.213385442,0.038063557,0.14031892,Genuine
O16,T8,0.823246158,0.253845618,0.01777977,0.109927736,0.033892318,0.134823522,Genuine
O17,T8,0.929323083,0.034058935,0.003322222,0.299207043,0.043925692,0.108130646,Genuine
O18,T8,0.958185231,0.036158942,0.002272197,0.261393632,0.041998862,0.104712201,Genuine
O19,T8,0.847838095,0.196145215,0.017329821,0.084708495,0.034572086,0.132832527,Genuine
O20,T8,0.863090366,0.068108337,0.007851813,0.365565396,0.042247282,0.112933209,Genuine
O1,T9,0.813818629,0.172083048,0.011694933,0.096679737,0.021072374,0.134751658,Genuine
O2,T9,0.870249035,0.083454968,0.00367193,0.291999141,0.019504252,0.14776353,Genuine
O3,T9,0.882659595,0.069285572,0.002636619,0.205393248,0.020426297,0.154136888,Genuine
O4,T9,0.920649709,0.057699197,0.002185962,0.249415532,0.019886066,0.150851086,Genuine
O5,T9,0.93864001,0.109539951,0.00986813,0.056301098,0.024223399,0.10410616,Genuine
O6,T9,0.952894224,0.021675091,0.001745532,0.263014873,0.02078524,0.153140364,Genuine
O7,T9,0.931028594,0.118109883,0.012337108,0.058147124,0.024479864,0.094155409,Genuine
O8,T9,0.799002269,0.236489802,0.01791884,0.120926041,0.02286683,0.106622086,Genuine
O9,T9,0.908959984,0.056665369,0.003552083,0.232260001,0.02089496,0.164563884,Genuine
O10,T9,0.941202454,0.028742783,0.002044367,0.342735903,0.020487158,0.15487893,Genuine
O11,T9,0.820644949,0.126254161,0.016778122,0.169880282,0.033325243,0.23931817,Genuine
O12,T9,0.928803899,0.030211171,0.001414686,0.2564189,0.02069453,0.155623554,Genuine
O13,T9,0.823016326,0.191704174,0.011659592,0.076779581,0.0197523,0.116991479,Genuine
O14,T9,0.941721605,0.053647904,0.001580057,0.252333819,0.018409622,0.149725568,Genuine
O15,T9,0.89626468,0.091474017,0.006013418,0.037354728,0.01955625,0.146896263,Genuine
O16,T9,0.875876833,0.175941277,0.007362344,0.053913823,0.01810642,0.106049448,Genuine
O17,T9,0.904711309,0.055510149,0.002546112,0.225320902,0.019930667,0.154700005,Genuine
O18,T9,0.92905258,0.040636012,0.002900482,0.302239025,0.020817449,0.167969566,Genuine
O19,T9,0.946493043,0.030779918,0.00190695,0.168428068,0.020870407,0.155988564,Genuine
O20,T9,0.886081345,0.075373181,0.004369969,0.336503291,0.019189299,0.155392871,Genuine
O1,T10,0.86642749,0.156379584,0.016971112,0.084254823,0.033463274,0.085850545,Genuine
O2,T10,0.852971045,0.081987199,0.004130525,0.278453828,0.039059862,0.064089671,Genuine
O3,T10,0.904332977,0.073557813,0.002677495,0.309250465,0.039843064,0.061619168,Genuine
O4,T10,0.893565447,0.067908969,0.002714464,0.350725802,0.040784396,0.063176776,Genuine
O5,T10,0.944522991,0.038323603,0.001828677,0.284153693,0.042082358,0.061849621,Genuine
O6,T10,0.956231993,0.021371762,0.001531527,0.284063666,0.043619286,0.062187938,Genuine
O7,T10,0.941316559,0.042663427,0.002426194,0.240494136,0.043000794,0.062533413,Genuine
O8,T10,0.846986661,0.106899745,0.015670952,0.134092891,0.040461187,0.086550868,Genuine
O9,T10,0.77479233,0.2649395,0.027569096,0.162749566,0.041235508,0.095908225,Genuine
O10,T10,0.943930668,0.026148963,0.003072445,0.307819652,0.043668905,0.064014057,Genuine
O11,T10,0.844954293,0.097567048,0.015552821,0.18619722,0.039498823,0.083049124,Genuine
O12,T10,0.912375709,0.041706965,0.002011696,0.302284795,0.041978024,0.062129781,Genuine
O13,T10,0.919232798,0.03155307,0.00269697,0.275134389,0.044869749,0.06203378,Genuine
O14,T10,0.883115807,0.050039382,0.002218004,0.318231456,0.041921308,0.061171507,Genuine
O15,T10,0.769108574,0.308063839,0.020335021,0.147893312,0.032349475,0.07393484,Genuine
O16,T10,0.928128952,0.048180645,0.002009372,0.296157707,0.040158541,0.061143352,Genuine
O17,T10,0.899252241,0.059669611,0.003398819,0.286087976,0.039720942,0.063315284,Genuine
O18,T10,0.867709985,0.214607966,0.020333665,0.113639226,0.034387707,0.093401662,Genuine
O19,T10,0.928253036,0.031823505,0.001944409,0.258224834,0.040383707,0.06124587,Genuine
O20,T10,0.841873828,0.072504517,0.006643984,0.263922333,0.04168237,0.064189222,Genuine
O1,F1,0.951402686,0.016021826,0.002741657,0.389543159,0.073595802,0.116934629,Posed
O2,F1,0.959285321,0.029372646,0.004002221,0.330681152,0.074743094,0.116503159,Posed
O3,F1,0.955989918,0.018794682,0.002286832,0.418234427,0.074781791,0.117502911,Posed
O4,F1,0.976339486,0.015852451,0.002902406,0.386337973,0.073731073,0.116945798,Posed
O5,F1,0.98284564,0.008790974,0.001441908,0.333829605,0.07458155,0.116583496,Posed
O6,F1,0.733464385,0.358368479,0.044005178,0.316252168,0.056368271,0.13396627,Posed
O7,F1,0.956115202,0.049406652,0.007574861,0.070747198,0.073779677,0.116947686,Posed
O8,F1,0.918879798,0.045174466,0.009174472,0.377358766,0.073616637,0.116684143,Posed
O9,F1,0.798431169,0.345107596,0.023845752,0.181755944,0.064668362,0.137138525,Posed
O10,F1,0.906398773,0.048200583,0.007597868,0.291791531,0.075161033,0.12019551,Posed
O11,F1,0.941071787,0.036155096,0.009005398,0.274644149,0.075535489,0.118303146,Posed
O12,F1,0.969086551,0.019018374,0.00241477,0.324330038,0.074598916,0.116612683,Posed
O13,F1,0.979460841,0.008061681,0.001791914,0.314403449,0.074226287,0.116514313,Posed
O14,F1,0.825149342,0.30625205,0.041687183,0.240390852,0.068167467,0.144066989,Posed
O15,F1,0.856326406,0.220768224,0.012485906,0.09901449,0.012592934,0.09364365,Posed
O16,F1,0.98174224,0.012064487,0.001666468,0.320442125,0.074437267,0.116614659,Posed
O17,F1,0.964287743,0.067407014,0.010752326,0.08437239,0.083779979,0.128933849,Posed
O18,F1,0.936670722,0.021360932,0.003503973,0.32079651,0.075233735,0.1173412,Posed
O19,F1,0.741810062,0.306854785,0.042967079,0.299941284,0.061131246,0.133275943,Posed
O20,F1,0.927436969,0.049421103,0.007376148,0.342294666,0.073459343,0.118593215,Posed
O1,F2,0.903332404,0.05944727,0.002577566,0.252540017,0.029369388,0.107422689,Posed
O2,F2,0.887895613,0.09466231,0.002563427,0.241721788,0.012481366,0.084306972,Posed
O3,F2,0.881783428,0.062893597,0.002526368,0.310962453,0.02761329,0.106636147,Posed
O4,F2,0.899950705,0.035777361,0.001986568,0.244844715,0.029026458,0.106901316,Posed
O5,F2,0.97192967,0.017524038,0.001432683,0.321462577,0.030796497,0.106968064,Posed
O6,F2,0.95356569,0.03324205,0.003842063,0.213532843,0.03178791,0.109415316,Posed
O7,F2,0.894832692,0.166847209,0.024332091,0.127116807,0.048516189,0.196320341,Posed
O8,F2,0.920527913,0.044098622,0.004965095,0.289528277,0.029503204,0.108803608,Posed
O9,F2,0.82996301,0.174566097,0.014837692,0.128366308,0.030587757,0.113430617,Posed
O10,F2,0.952046646,0.026284364,0.003188926,0.308425731,0.030794531,0.109847764,Posed
O11,F2,0.77889074,0.091752345,0.013235822,0.229467521,0.018730013,0.125764707,Posed
O12,F2,0.911743159,0.04813423,0.00243522,0.256100354,0.029520676,0.107361345,Posed
O13,F2,0.830410201,0.21297599,0.018628828,0.110686241,0.026718025,0.137861005,Posed
O14,F2,0.854807868,0.225143677,0.018563669,0.108896094,0.041691553,0.145143084,Posed
O15,F2,0.837199076,0.292212659,0.019757934,0.134627089,0.024908807,0.10974275,Posed
O16,F2,0.81574203,0.283258332,0.026750584,0.17993992,0.027384251,0.127818337,Posed
O17,F2,0.846287634,0.200164992,0.019458159,0.098931715,0.026149923,0.120277171,Posed
O18,F2,0.916716721,0.04442277,0.00393591,0.28789898,0.030490285,0.112064661,Posed
O19,F2,0.798888624,0.259749552,0.018838187,0.146845543,0.039672855,0.135631688,Posed
O20,F2,0.874250145,0.07620547,0.007434993,0.081266483,0.02830637,0.107405234,Posed
O1,F3,0.93545926,0.043071063,0.003844169,0.308934287,0.03067799,0.130032033,Posed
O2,F3,0.882305408,0.073437835,0.004015681,0.23555874,0.030583154,0.132407654,Posed
O3,F3,0.923265929,0.033671855,0.003901799,0.257538252,0.031819191,0.135374717,Posed
O4,F3,0.870735783,0.07061504,0.002853348,0.35040416,0.030597053,0.135617624,Posed
O5,F3,0.937862583,0.032817779,0.002486349,0.290808979,0.031125746,0.135069982,Posed
O6,F3,0.960144519,0.019197811,0.002511137,0.269923763,0.032174616,0.134210504,Posed
O7,F3,0.91484171,0.149423617,0.017526832,0.082703608,0.045524051,0.193494509,Posed
O8,F3,0.82071603,0.238339336,0.022956396,0.144004242,0.043800529,0.208856376,Posed
O9,F3,0.848312953,0.063607833,0.006782845,0.22288494,0.032932058,0.147219912,Posed
O10,F3,0.962947006,0.018018327,0.002639675,0.261922362,0.032718037,0.135109764,Posed
O11,F3,0.798657527,0.109986264,0.020619299,0.283334869,0.034372793,0.192121169,Posed
O12,F3,0.948202486,0.030074148,0.001905739,0.310644912,0.03163824,0.135302048,Posed
O13,F3,0.798215611,0.235087873,0.019265726,0.141634767,0.027702354,0.152026646,Posed
O14,F3,0.809440418,0.265124724,0.020238533,0.158711417,0.027841644,0.192533895,Posed
O15,F3,0.852754765,0.175305867,0.020183927,0.085171908,0.042064387,0.194472659,Posed
O16,F3,0.800472962,0.302625484,0.022848225,0.162366913,0.028779591,0.173159919,Posed
O17,F3,0.925260406,0.047585344,0.003945845,0.206903892,0.031808368,0.136603289,Posed
O18,F3,0.941119342,0.028683487,0.003468709,0.315991044,0.031037161,0.131980485,Posed
O19,F3,0.973003963,0.018371897,0.001901724,0.338551157,0.032512699,0.135605066,Posed
O20,F3,0.920908731,0.048797319,0.004291712,0.312469616,0.030871,0.135210951,Posed
O1,F4,0.874444838,0.182866457,0.016293259,0.090863071,0.034076784,0.144437367,Posed
O2,F4,0.86571535,0.064970097,0.003132457,0.314577961,0.029050458,0.166433913,Posed
O3,F4,0.826882966,0.190974531,0.015245598,0.081121429,0.030296187,0.124289023,Posed
O4,F4,0.864079832,0.083193338,0.002412694,0.229178419,0.027950442,0.16567013,Posed
O5,F4,0.931796243,0.02950566,0.001531794,0.273645533,0.017163416,0.135469579,Posed
O6,F4,0.957545573,0.0205012,0.00228366,0.254733708,0.029708307,0.169205705,Posed
O7,F4,0.930969581,0.088497617,0.00708609,0.038224155,0.033057039,0.180496062,Posed
O8,F4,0.818169479,0.214962753,0.01628862,0.124119676,0.034580749,0.190262118,Posed
O9,F4,0.886910613,0.046212849,0.005796989,0.253589663,0.02990078,0.164743664,Posed
O10,F4,0.948903192,0.031190307,0.002690554,0.368812604,0.029005545,0.163875091,Posed
O11,F4,0.859695321,0.089511326,0.012472602,0.21122774,0.034463276,0.213004557,Posed
O12,F4,0.930329992,0.039969542,0.002422954,0.320079647,0.029398996,0.169821452,Posed
O13,F4,0.870090965,0.061671739,0.002197714,0.318787745,0.028727076,0.165220705,Posed
O14,F4,0.903978661,0.168165659,0.008565806,0.059303143,0.029860763,0.16745818,Posed
O15,F4,0.891487088,0.159889864,0.014478114,0.065336008,0.024472729,0.104117762,Posed
O16,F4,0.896225835,0.141689923,0.008082963,0.056406298,0.02950396,0.166123422,Posed
O17,F4,0.897011348,0.066129274,0.002584446,0.223853364,0.028263252,0.164587562,Posed
O18,F4,0.854933,0.208474427,0.021549333,0.136296062,0.026950994,0.156239004,Posed
O19,F4,0.819384373,0.214345542,0.015264722,0.104461898,0.023449969,0.144213352,Posed
O20,F4,0.872215147,0.07632044,0.00496742,0.319203919,0.028504349,0.170272521,Posed
O1,F5,0.860105748,0.161880437,0.010606162,0.078598067,0.011769108,0.07714631,Posed
O2,F5,0.887895613,0.09466231,0.002563427,0.241721788,0.012481366,0.084306972,Posed
O3,F5,0.898730606,0.089365563,0.002359303,0.253211565,0.012387547,0.080965407,Posed
O4,F5,0.78729916,0.252542386,0.006894955,0.054835533,0.010325333,0.080329939,Posed
O5,F5,0.957293361,0.026607445,0.001527014,0.271119248,0.014068837,0.081156118,Posed
O6,F5,0.95356569,0.03324205,0.003842063,0.213532843,0.03178791,0.109415316,Posed
O7,F5,0.890805329,0.194050502,0.021393505,0.098303089,0.015045534,0.084454122,Posed
O8,F5,0.89668528,0.057921312,0.004506605,0.288793427,0.014118511,0.084015028,Posed
O9,F5,0.883303205,0.064767885,0.003603374,0.203243245,0.013965561,0.084968736,Posed
O10,F5,0.876276319,0.137293524,0.006882102,0.055999032,0.013593336,0.08375808,Posed
O11,F5,0.77889074,0.091752345,0.013235822,0.229467521,0.018730013,0.125764707,Posed
O12,F5,0.891538018,0.073164346,0.002202056,0.290072252,0.012997411,0.08400632,Posed
O13,F5,0.832743768,0.206963835,0.012676391,0.090530522,0.022747118,0.120079241,Posed
O14,F5,0.882986444,0.07252164,0.001762145,0.259542433,0.012639136,0.080888474,Posed
O15,F5,0.856326406,0.220768224,0.012485906,0.09901449,0.012592934,0.09364365,Posed
O16,F5,0.85195723,0.229251031,0.013945562,0.09587543,0.022734622,0.149010989,Posed
O17,F5,0.882610267,0.130759026,0.010249917,0.056212604,0.021230608,0.104650043,Posed
O18,F5,0.923300412,0.046584485,0.002646337,0.297426483,0.014132546,0.083027719,Posed
O19,F5,0.902156448,0.18888045,0.013380469,0.085476273,0.024222794,0.145911891,Posed
O20,F5,0.906337631,0.072709521,0.003564578,0.281273006,0.012559065,0.084636856,Posed
O1,F6,0.941516265,0.040117588,0.002413819,0.222043579,0.017482727,0.134542159,Posed
O2,F6,0.923410044,0.069630559,0.00357644,0.24210974,0.016326994,0.132487736,Posed
O3,F6,0.905355363,0.05734167,0.002308295,0.283888959,0.016928986,0.136860399,Posed
O4,F6,0.76735669,0.265203354,0.016197311,0.131492008,0.015357443,0.115634442,Posed
O5,F6,0.931796243,0.02950566,0.001531794,0.273645533,0.017163416,0.135469579,Posed
O6,F6,0.969374966,0.017266934,0.002659213,0.275211477,0.018415091,0.142431553,Posed
O7,F6,0.890150138,0.158998832,0.020983157,0.121660968,0.022975009,0.142627821,Posed
O8,F6,0.854449438,0.133544962,0.017454469,0.136653067,0.027809912,0.196834448,Posed
O9,F6,0.890167521,0.072848105,0.002532723,0.220855097,0.016894573,0.13752283,Posed
O10,F6,0.948210128,0.031339119,0.001816006,0.29111996,0.016890557,0.134148523,Posed
O11,F6,0.850438705,0.055803291,0.005657563,0.24498579,0.018494817,0.151702096,Posed
O12,F6,0.925915988,0.052086957,0.002500924,0.32187404,0.016771186,0.137493242,Posed
O13,F6,0.966632366,0.014803147,0.001676498,0.234418873,0.017734565,0.138583234,Posed
O14,F6,0.817695363,0.241984446,0.015902862,0.124734471,0.017188336,0.115896711,Posed
O15,F6,0.846494753,0.157434914,0.01262731,0.061187594,0.026696721,0.091421969,Posed
O16,F6,0.827322326,0.269668856,0.014684095,0.103039914,0.013140322,0.099558946,Posed
O17,F6,0.881302525,0.142380408,0.013752157,0.071158279,0.028506093,0.122273209,Posed
O18,F6,0.863214563,0.196799287,0.018679602,0.096158006,0.028159392,0.15339711,Posed
O19,F6,0.907202687,0.076647459,0.002395657,0.244917375,0.016489869,0.136447995,Posed
O20,F6,0.896227102,0.060883066,0.00429271,0.300919422,0.018027515,0.143487715,Posed
O1,F7,0.834535504,0.184397614,0.016443821,0.118197141,0.014900538,0.105364308,Posed
O2,F7,0.91525627,0.064147962,0.003100164,0.270754907,0.015166593,0.108314265,Posed
O3,F7,0.910222385,0.067812819,0.00230749,0.226974106,0.015235176,0.110885874,Posed
O4,F7,0.842180938,0.110196631,0.008796869,0.050431557,0.015736966,0.112651036,Posed
O5,F7,0.952926957,0.040933905,0.001790801,0.255218897,0.015331322,0.10662905,Posed
O6,F7,0.958217711,0.018578638,0.001897794,0.286402651,0.016012175,0.113975053,Posed
O7,F7,0.953009583,0.030679023,0.001912861,0.285709746,0.015633513,0.108422935,Posed
O8,F7,0.835304744,0.197886564,0.021040082,0.107567737,0.022755469,0.156377382,Posed
O9,F7,0.890167521,0.072848105,0.002532723,0.220855097,0.015171432,0.110050126,Posed
O10,F7,0.955641116,0.021262613,0.003073767,0.328286533,0.015851409,0.112260379,Posed
O11,F7,0.869424078,0.063980195,0.004385268,0.243744382,0.01601093,0.122259351,Posed
O12,F7,0.926586426,0.035985788,0.002287947,0.284537233,0.015837735,0.109555827,Posed
O13,F7,0.844384057,0.090982992,0.002933886,0.050411701,0.016549002,0.109779468,Posed
O14,F7,0.848234348,0.234092063,0.015636354,0.115053225,0.014328325,0.099798625,Posed
O15,F7,0.882729146,0.173971521,0.008981114,0.049695056,0.015284996,0.106991319,Posed
O16,F7,0.826539198,0.255635321,0.01571279,0.109024148,0.013287821,0.094929695,Posed
O17,F7,0.89027617,0.159634132,0.014915146,0.078171892,0.025169628,0.151629494,Posed
O18,F7,0.928329411,0.045322362,0.002841004,0.219380348,0.016401944,0.113641834,Posed
O19,F7,0.860898219,0.216410761,0.023103829,0.096627202,0.030565871,0.157966212,Posed
O20,F7,0.834484922,0.206517679,0.016925486,0.10222585,0.015795706,0.108301435,Posed
O1,F8,0.941923901,0.027193278,0.002749713,0.346484902,0.060498651,0.104059693,Posed
O2,F8,0.836780332,0.175622698,0.023855453,0.127515713,0.06908298,0.133231457,Posed
O3,F8,0.909760243,0.047659227,0.002973828,0.280964839,0.058621885,0.104303421,Posed
O4,F8,0.941151594,0.02450619,0.002825673,0.378967856,0.0595801,0.104319262,Posed
O5,F8,0.975982088,0.0079865,0.001579657,0.347702727,0.060596537,0.103026179,Posed
O6,F8,0.934587992,0.096090856,0.011363855,0.161003069,0.05350677,0.110269707,Posed
O7,F8,0.917569709,0.125648677,0.014397513,0.105796899,0.07360218,0.129193811,Posed
O8,F8,0.916984981,0.04046735,0.005860075,0.366874762,0.06335198,0.105446222,Posed
O9,F8,0.89443968,0.039066375,0.003912501,0.329075763,0.060361727,0.10464672,Posed
O10,F8,0.947060285,0.028652837,0.003983443,0.262444918,0.061601124,0.104548596,Posed
O11,F8,0.582885013,0.189046386,0.041989343,0.278096744,0.056285856,0.142172919,Posed
O12,F8,0.974554027,0.008363341,0.001422019,0.339684823,0.061380865,0.104191384,Posed
O13,F8,0.976392932,0.011835586,0.001435147,0.278608445,0.060829949,0.104257767,Posed
O14,F8,0.95907383,0.02285136,0.001517119,0.335353934,0.058068317,0.103767596,Posed
O15,F8,0.818388277,0.237950925,0.026096959,0.139138399,0.048043597,0.127500013,Posed
O16,F8,0.790007273,0.281414765,0.022309078,0.119720752,0.037547605,0.116925208,Posed
O17,F8,0.915141997,0.041404348,0.002938424,0.29003766,0.061631811,0.104702653,Posed
O18,F8,0.936443464,0.033745978,0.00279761,0.289029729,0.062140028,0.104678655,Posed
O19,F8,0.954187309,0.020227984,0.001970199,0.30359776,0.059252166,0.104001893,Posed
O20,F8,0.813135329,0.259927701,0.028249364,0.181084235,0.056961044,0.152532034,Posed
O1,F9,0.934876625,0.05090538,0.002258737,0.245132349,0.018369906,0.090481027,Posed
O2,F9,0.885088485,0.078966419,0.003227505,0.262955124,0.017362978,0.087146822,Posed
O3,F9,0.89365457,0.083725313,0.002414371,0.276301759,0.017207253,0.086885373,Posed
O4,F9,0.814340384,0.144561968,0.012683999,0.078778119,0.02685633,0.137304512,Posed
O5,F9,0.983422107,0.009875166,0.001081384,0.313968763,0.019455139,0.085267221,Posed
O6,F9,0.977247477,0.013894226,0.002003155,0.250477008,0.019322997,0.089013004,Posed
O7,F9,0.949979316,0.030237536,0.002256722,0.249243843,0.018872395,0.087518321,Posed
O8,F9,0.876350345,0.04649371,0.004883161,0.291687609,0.020619438,0.095786308,Posed
O9,F9,0.860122865,0.191241971,0.015199198,0.092400587,0.026388759,0.125408695,Posed
O10,F9,0.939717662,0.042686088,0.002772258,0.216418176,0.017961,0.085538186,Posed
O11,F9,0.890167234,0.059979782,0.006652067,0.203719085,0.019902255,0.108934245,Posed
O12,F9,0.918579787,0.031559517,0.0018633,0.253241907,0.018837422,0.086505996,Posed
O13,F9,0.873819538,0.066116217,0.002075642,0.335926926,0.017327653,0.087111472,Posed
O14,F9,0.907787117,0.070903939,0.001641296,0.302553658,0.017108504,0.085310894,Posed
O15,F9,0.846494753,0.157434914,0.01262731,0.061187594,0.026696721,0.091421969,Posed
O16,F9,0.892897478,0.051521219,0.001812621,0.259927903,0.017976068,0.08525935,Posed
O17,F9,0.919059799,0.048533273,0.001843228,0.314158468,0.018267212,0.086003309,Posed
O18,F9,0.936488278,0.045236864,0.002686008,0.251931551,0.018153416,0.086646211,Posed
O19,F9,0.838422336,0.204779038,0.014063767,0.123418967,0.015836406,0.128331361,Posed
O20,F9,0.906412752,0.06242093,0.004930683,0.258145612,0.019895324,0.095910984,Posed
O1,F10,0.904378307,0.073067742,0.001968525,0.255510857,0.015830758,0.132042589,Posed
O2,F10,0.888386457,0.091503707,0.002607542,0.2342551,0.015943471,0.131865282,Posed
O3,F10,0.838729016,0.212939231,0.012212598,0.080307002,0.018737028,0.113398472,Posed
O4,F10,0.814173871,0.218741499,0.011604819,0.089050776,0.014992277,0.122081584,Posed
O5,F10,0.94295959,0.03944512,0.002410295,0.200037054,0.017743925,0.135306057,Posed
O6,F10,0.908782437,0.069839519,0.012093795,0.150317907,0.021254878,0.164534149,Posed
O7,F10,0.90907869,0.095989921,0.009465626,0.050263223,0.022226988,0.141552466,Posed
O8,F10,0.831763756,0.156823241,0.019542788,0.086764922,0.024952703,0.162584287,Posed
O9,F10,0.903728454,0.060554181,0.003159976,0.219401159,0.016540501,0.137514494,Posed
O10,F10,0.921576425,0.037526187,0.002772575,0.277320851,0.01713453,0.13862344,Posed
O11,F10,0.888963856,0.062679806,0.009626803,0.23161085,0.019021796,0.17230632,Posed
O12,F10,0.852090143,0.196187383,0.01511233,0.081635242,0.021550775,0.148688834,Posed
O13,F10,0.853375204,0.159143278,0.00605098,0.049169756,0.015540523,0.137056474,Posed
O14,F10,0.916599278,0.066981765,0.001837264,0.273136488,0.016242084,0.133058544,Posed
O15,F10,0.844486201,0.2055376,0.01105611,0.087580022,0.014668274,0.111018216,Posed
O16,F10,0.901601707,0.05819221,0.002113441,0.021850839,0.016394665,0.135434678,Posed
O17,F10,0.809810557,0.188257977,0.019026268,0.088182414,0.016930125,0.124031672,Posed
O18,F10,0.932473679,0.047723463,0.003296582,0.347783898,0.016869351,0.138671674,Posed
O19,F10,0.899767642,0.071136821,0.00284281,0.171820269,0.016411927,0.135785695,Posed
O20,F10,0.857661832,0.08566988,0.005499035,0.282237354,0.016331632,0.14444988,Posed
